Display_Name,Player_Name,Nationality,Auction_Role,Season,Franchise,OVR,Career_OVR,Tier,Auction_Set,Base_Price_Cr,Status,Seasons_Played,Is_Wicketkeeper,Batting_Strike_Rate,Batting_Runs,Bowling_Economy,Bowling_Wickets,Role_Override,Batting_Order_Override,Batting_Hand,Bowling_Type,Bowling_Arm
Sunil Narine,SP Narine,Overseas,Bowler,2012,KKR,94,98,Marquee,Marquee,2.0,Capped,15,0,128.57,9,5.48,24,All-Rounder,Lower Order,LHB,Off Spin,Right
Virat Kohli,V Kohli,Indian,Batter,2016,RCB,93,97,Marquee,Marquee,2.0,Capped,19,0,152.03,973,13.0,0,,,RHB,Pace,Right
David Warner,DA Warner,Overseas,Batter,2019,SRH,93,96,Marquee,Marquee,2.0,Capped,15,0,143.87,692,0.0,0,,,LHB,Leg Spin,Right
Rashid Khan,Rashid Khan,Overseas,Bowler,2020,SRH,92,95,Marquee,Marquee,2.0,Capped,10,0,116.67,35,5.34,20,,,RHB,Leg Spin,Right
Suryakumar Yadav,SA Yadav,Indian,Batter,2025,MI,91,95,Marquee,Marquee,2.0,Capped,14,0,167.92,717,0.0,0,,,RHB,Off Spin,Right
Chris Gayle,CH Gayle,Overseas,Batter,2012,RCB,91,94,Marquee,Marquee,2.0,Capped,13,0,160.75,733,14.14,0,,,LHB,Off Spin,Right
Lasith Malinga,SL Malinga,Overseas,Bowler,2011,MI,90,94,Marquee,Marquee,2.0,Capped,9,0,88.89,8,5.95,28,,,RHB,Pace,Right
Jos Buttler,JC Buttler,Overseas,Wicketkeeper,2022,RR,90,94,Marquee,Marquee,2.0,Capped,11,1,149.05,863,0.0,0,,,RHB,,
Dwayne Bravo,DJ Bravo,Overseas,Bowler,2013,CSK,90,94,Marquee,Marquee,2.0,Capped,14,0,114.15,121,7.95,32,All-Rounder,Lower Order,RHB,Pace,Right
Harbhajan Singh,Harbhajan Singh,Indian,Bowler,2013,MI,90,93,Marquee,Marquee,2.0,Capped,13,0,146.84,116,6.51,24,,,RHB,Off Spin,Right
Faf du Plessis,F du Plessis,Overseas,Batter,2023,RCB,90,93,Marquee,Marquee,2.0,Capped,13,0,153.68,730,0.0,0,,,RHB,Leg Spin,Right
Andre Russell,AD Russell,Overseas,All-Rounder,2019,KKR,89,93,Marquee,Marquee,2.0,Capped,13,0,203.97,514,9.51,11,,,RHB,Pace,Right
Shubman Gill,Shubman Gill,Indian,Batter,2023,GT,89,93,Marquee,Marquee,2.0,Capped,9,0,157.8,890,0.0,0,,,RHB,Off Spin,Right
MS Dhoni,MS Dhoni,Indian,Wicketkeeper,2014,CSK,88,93,A,Wicketkeepers - A,2.0,Capped,18,1,148.4,371,0.0,0,,,RHB,Pace,Right
KL Rahul,KL Rahul,Indian,Wicketkeeper,2018,PBKS,88,93,A,Wicketkeepers - A,2.0,Capped,13,1,158.41,659,0.0,0,,,RHB,,
Ravichandran Ashwin,R Ashwin,Indian,Bowler,2011,CSK,88,93,A,Bowlers - A,2.0,Capped,16,0,33.33,2,6.16,20,,,RHB,Off Spin,Right
Shane Watson,SR Watson,Overseas,All-Rounder,2013,RR,88,93,A,All-Rounders - A,2.0,Capped,12,0,142.89,543,7.15,13,,,RHB,Pace,Right
AB de Villiers,AB de Villiers,Overseas,Wicketkeeper,2016,RCB,88,92,A,Wicketkeepers - A,2.0,Capped,14,1,168.8,687,0.0,0,,,RHB,Pace,Right
Jasprit Bumrah,JJ Bumrah,Indian,Bowler,2019,MI,88,92,A,Bowlers - A,2.0,Capped,13,0,0.0,0,6.69,20,,,RHB,Pace,Right
Ravindra Jadeja,RA Jadeja,Indian,Bowler,2019,CSK,87,92,A,Bowlers - A,1.5,Capped,18,0,120.45,106,6.35,15,All-Rounder,Middle Order,LHB,Left-arm Orthodox,Left
Dale Steyn,DW Steyn,Overseas,Bowler,2013,SRH,87,92,A,Bowlers - A,1.5,Capped,11,0,147.22,53,5.8,19,,,RHB,Pace,Right
Sai Sudharsan,B Sai Sudharsan,Indian,Batter,2025,GT,87,92,A,Batters - A,1.5,Capped,5,0,156.17,759,0.0,0,,,LHB,Leg Spin,Right
Suresh Raina,SK Raina,Indian,All-Rounder,2010,CSK,87,92,A,All-Rounders - A,1.5,Capped,13,0,143.87,528,7.47,6,Batsman,Middle Order,LHB,Off Spin,Right
Yusuf Pathan,YK Pathan,Indian,All-Rounder,2011,KKR,87,92,A,All-Rounders - A,1.5,Capped,12,0,140.8,283,6.1,13,,,RHB,Off Spin,Right
Axar Patel,AR Patel,Indian,Bowler,2014,PBKS,87,92,A,Bowlers - A,1.5,Capped,13,0,103.33,62,6.14,17,All-Rounder,Middle Order,LHB,Left-arm Orthodox,Left
Nicholas Pooran,N Pooran,Overseas,Wicketkeeper,2024,LSG,87,91,A,Wicketkeepers - A,1.5,Capped,8,1,178.21,499,0.0,0,,,LHB,Off Spin,Right
Amit Mishra,A Mishra,Indian,Bowler,2010,DC,87,91,A,Bowlers - A,1.5,Capped,16,0,76.47,39,6.85,17,,,RHB,Leg Spin,Right
Shakib Al Hasan,Shakib Al Hasan,Overseas,All-Rounder,2014,KKR,87,91,A,All-Rounders - A,1.5,Capped,9,0,148.7,229,6.68,11,,,LHB,Left-arm Orthodox,Left
Muthiah Muralidaran,M Muralitharan,Overseas,Bowler,2009,CSK,87,91,A,Bowlers - A,1.5,Capped,7,0,100.0,8,5.22,14,,,RHB,Off Spin,Right
Bhuvneshwar Kumar,B Kumar,Indian,Bowler,2017,SRH,86,91,A,Bowlers - A,1.5,Capped,16,0,100.0,4,7.05,26,,,RHB,Pace,Right
Heinrich Klaasen,H Klaasen,Overseas,Wicketkeeper,2026,SRH,86,91,A,Wicketkeepers - A,1.5,Capped,6,1,160.0,624,0.0,0,,,RHB,Off Spin,Right
Jaydev Unadkat,JD Unadkat,Indian,Bowler,2017,RPS,86,90,A,Bowlers - A,1.5,Capped,17,0,40.0,2,7.03,24,,,RHB,Pace,Left
Mitchell Marsh,MR Marsh,Overseas,Batter,2025,LSG,86,90,A,Batters - A,1.5,Capped,10,0,163.71,627,0.0,0,All-Rounder,Opener,RHB,Pace,Right
Rishabh Pant,RR Pant,Indian,Wicketkeeper,2018,DC,86,90,A,Wicketkeepers - A,1.5,Capped,10,1,173.6,684,0.0,0,,,LHB,Pace,Right
Shreyas Iyer,SS Iyer,Indian,Batter,2025,PBKS,86,90,A,Batters - A,1.5,Capped,11,0,175.07,604,0.0,0,,,RHB,Leg Spin,Right
Shaun Marsh,SE Marsh,Overseas,Batter,2008,PBKS,85,90,A,Batters - A,1.5,Capped,9,0,139.68,616,0.0,0,Batsman,Middle Order,LHB,Left-arm Orthodox,Left
Yashasvi Jaiswal,YBK Jaiswal,Indian,Batter,2025,RR,85,90,A,Batters - A,1.5,Capped,7,0,159.71,559,0.0,0,,,LHB,Leg Spin,Right
Mohit Sharma,MM Sharma,Indian,Bowler,2013,CSK,85,90,A,Bowlers - A,1.5,Capped,11,0,0.0,0,6.43,20,,,RHB,Pace,Right
Dinesh Karthik,KD Karthik,Indian,Wicketkeeper,2018,KKR,85,90,A,Wicketkeepers - A,1.5,Capped,17,1,147.77,498,0.0,0,,,RHB,Off Spin,Right
Ishan Kishan,Ishan Kishan,Indian,Wicketkeeper,2026,SRH,85,90,A,Wicketkeepers - A,1.5,Capped,11,1,182.42,602,0.0,0,,,LHB,Off Spin,Right
Kane Williamson,KS Williamson,Overseas,Batter,2018,SRH,85,90,A,Batters - A,1.5,Capped,10,0,142.44,735,0.0,0,Batsman,Middle Order,RHB,Off Spin,Right
Glenn Maxwell,GJ Maxwell,Overseas,Batter,2021,RCB,85,90,A,Batters - A,1.5,Capped,13,0,144.1,513,8.44,3,All-Rounder,Middle Order,RHB,Off Spin,Right
Robin Uthappa,RV Uthappa,Indian,Wicketkeeper,2014,KKR,85,90,A,Wicketkeepers - A,1.5,Capped,15,1,137.79,660,0.0,0,,,RHB,Pace,Right
Ruturaj Gaikwad,RD Gaikwad,Indian,Batter,2023,CSK,85,89,A,Batters - A,1.5,Capped,7,0,147.5,590,0.0,0,,,RHB,Off Spin,Right
Hardik Pandya,HH Pandya,Indian,All-Rounder,2022,GT,85,89,A,All-Rounders - A,1.5,Capped,12,0,131.27,487,7.28,8,,,RHB,Pace,Right
Harshal Patel,HV Patel,Indian,Bowler,2021,RCB,85,89,A,Bowlers - A,1.5,Capped,14,0,128.26,59,8.15,32,,,RHB,Pace,Right
Jofra Archer,JC Archer,Overseas,Bowler,2020,RR,84,89,A,Bowlers - A,1.0,Capped,6,0,179.37,113,6.56,20,,,RHB,Pace,Right
Yuzvendra Chahal,YS Chahal,Indian,Bowler,2020,RCB,84,89,A,Bowlers - A,1.0,Capped,14,0,33.33,1,7.08,21,,,RHB,Leg Spin,Right
Vaibhav Sooryavanshi,V Suryavanshi,Indian,Batter,2026,RR,84,89,A,Batters - A,1.0,Capped,2,0,237.31,776,0.0,0,,,LHB,Left-arm Orthodox,Left
Ajinkya Rahane,AM Rahane,Indian,Batter,2015,RR,84,89,A,Batters - A,1.0,Capped,18,0,130.75,540,0.0,0,,,RHB,Off Spin,Right
Krunal Pandya,KH Pandya,Indian,All-Rounder,2018,MI,84,89,A,All-Rounders - A,1.0,Capped,11,0,145.22,228,7.07,12,,,LHB,Left-arm Orthodox,Left
Ashish Nehra,A Nehra,Indian,Bowler,2009,DC,84,89,A,Bowlers - A,1.0,Capped,9,0,100.0,1,6.78,19,,,RHB,Pace,Left
Pragyan Ojha,PP Ojha,Indian,Bowler,2009,DCH,84,89,A,Bowlers - A,1.0,Capped,8,0,14.29,1,6.5,18,,,LHB,Left-arm Orthodox,Left
Shikhar Dhawan,S Dhawan,Indian,Batter,2012,DCH,84,89,A,Batters - A,1.0,Capped,17,0,129.61,569,9.17,3,,,LHB,Off Spin,Right
Gautam Gambhir,G Gambhir,Indian,Batter,2008,DC,84,89,A,Batters - A,1.0,Capped,11,0,140.9,534,0.0,0,,,LHB,Leg Spin,Right
Chris Morris,CH Morris,Overseas,All-Rounder,2016,DC,84,89,A,All-Rounders - A,1.0,Capped,8,0,178.9,195,7.0,13,Bowler,Lower Order,RHB,Pace,Right
Varun Chakravarthy,CV Varun,Indian,Bowler,2021,KKR,84,89,A,Bowlers - A,1.0,Capped,8,0,50.0,2,6.59,18,,,RHB,Leg Spin,Right
Abhishek Sharma,Abhishek Sharma,Indian,Batter,2024,SRH,84,88,A,Batters - A,1.0,Capped,9,0,204.22,484,7.29,2,,,LHB,Left-arm Orthodox,Left
Ambati Rayudu,AT Rayudu,Indian,Wicketkeeper,2018,CSK,84,88,A,Wicketkeepers - A,1.0,Capped,14,1,149.75,602,0.0,0,Wicketkeeper,Middle Order,RHB,Off Spin,Right
Irfan Pathan,IK Pathan,Indian,All-Rounder,2008,PBKS,84,88,A,All-Rounders - A,1.0,Capped,9,0,112.93,131,6.6,15,,,LHB,Pace,Left
Shivam Dube,S Dube,Indian,Batter,2023,CSK,84,88,A,Batters - A,1.0,Capped,8,0,158.33,418,0.0,0,,,LHB,Pace,Right
Rahul Tewatia,R Tewatia,Indian,All-Rounder,2020,RR,84,88,A,All-Rounders - A,1.0,Capped,12,0,139.34,255,7.09,10,Batsman,Finisher,LHB,Leg Spin,Right
Sanju Samson,SV Samson,Indian,Wicketkeeper,2024,RR,84,88,A,Wicketkeepers - A,1.0,Capped,14,1,153.47,531,0.0,0,,,RHB,,
David Miller,DA Miller,Overseas,Batter,2014,PBKS,84,88,A,Batters - A,1.0,Capped,15,0,149.16,446,0.0,0,,,LHB,Off Spin,Right
Rajat Patidar,RM Patidar,Indian,Batter,2026,RCB,84,88,A,Batters - A,1.0,Capped,5,0,192.69,501,0.0,0,,,RHB,Off Spin,Right
Quinton de Kock,Q de Kock,Overseas,Wicketkeeper,2016,DC,84,88,A,Wicketkeepers - A,1.0,Capped,13,1,136.09,445,0.0,0,,,LHB,,
Riyan Parag,R Parag,Indian,Batter,2024,RR,84,88,A,Batters - A,1.0,Capped,8,0,149.22,573,9.0,0,,,RHB,Off Spin,Right
P Simran Singh,P Simran Singh,Indian,Wicketkeeper,2026,PBKS,84,88,A,Wicketkeepers - A,1.0,Capped,8,1,168.87,510,0.0,0,,,RHB,,
Kagiso Rabada,K Rabada,Overseas,Bowler,2019,DC,84,88,A,Bowlers - A,1.0,Capped,9,0,93.33,14,7.81,26,,,LHB,Pace,Right
Jean-Paul Duminy,JP Duminy,Overseas,All-Rounder,2009,MI,83,88,B,All-Rounders - B,1.0,Capped,8,0,114.46,372,5.31,4,,,LHB,Off Spin,Right
Kieron Pollard,KA Pollard,Overseas,All-Rounder,2010,MI,83,88,B,All-Rounders - B,1.0,Capped,13,0,185.71,273,7.41,15,,,RHB,Pace,Right
Morne Morkel,M Morkel,Overseas,Bowler,2012,DC,83,88,B,Bowlers - B,1.0,Capped,8,0,60.0,3,7.19,25,,,LHB,Pace,Right
Imran Tahir,Imran Tahir,Overseas,Bowler,2019,CSK,83,88,B,Bowlers - B,1.0,Capped,8,0,0.0,0,6.7,26,,,RHB,Leg Spin,Right
Rinku Singh,RK Singh,Indian,Batter,2023,KKR,83,88,B,Batters - B,1.0,Capped,8,0,149.53,474,0.0,0,,,LHB,Off Spin,Right
Sandeep Sharma,Sandeep Sharma,Indian,Bowler,2020,SRH,83,87,B,Bowlers - B,1.0,Capped,14,0,80.0,12,7.19,14,,,RHB,Pace,Right
Shahbaz Nadeem,S Nadeem,Indian,Bowler,2013,DC,83,87,B,Bowlers - B,1.0,Capped,11,0,51.85,14,5.89,9,,,RHB,Left-arm Orthodox,Left
Aaron Finch,AJ Finch,Overseas,Batter,2016,GL,83,87,B,Batters - B,1.0,Capped,11,0,131.44,393,0.0,0,,,RHB,Left-arm Orthodox,Left
Venkatesh Iyer,VR Iyer,Indian,Batter,2021,KKR,83,87,B,Batters - B,1.0,Capped,6,0,128.47,370,8.12,3,Batsman,Middle Order,LHB,Pace,Right
Karn Sharma,KV Sharma,Indian,Bowler,2013,SRH,83,87,B,Bowlers - B,1.0,Capped,12,0,98.84,85,6.6,11,,,LHB,Leg Spin,Right
Washington Sundar,Washington Sundar,Indian,Bowler,2020,RCB,83,87,B,Bowlers - B,1.0,Capped,10,0,116.84,111,5.96,8,,,LHB,Off Spin,Right
Sohail Tanvir,Sohail Tanvir,Overseas,Bowler,2008,RR,82,87,B,Bowlers - B,1.0,Capped,1,0,124.14,36,6.46,22,,,LHB,Pace,Left
Andrew Symonds,A Symonds,Overseas,All-Rounder,2009,DCH,82,87,B,All-Rounders - B,1.0,Capped,4,0,150.0,249,6.67,7,,,RHB,,
Sachithra Senanayake,SMSM Senanayake,Overseas,Bowler,2013,KKR,82,87,B,Bowlers - B,1.0,Capped,1,0,58.82,10,6.53,9,,,RHB,Off Spin,Right
RP Singh,RP Singh,Indian,Bowler,2009,DCH,82,87,B,Bowlers - B,1.0,Capped,7,0,47.06,8,6.99,23,,,RHB,Pace,Left
Piyush Chawla,PP Chawla,Indian,Bowler,2009,PBKS,82,87,B,Bowlers - B,1.0,Capped,16,0,86.11,31,6.87,12,,,LHB,Leg Spin,Right
Dwayne Smith,DR Smith,Overseas,Batter,2014,CSK,82,87,B,Batters - B,1.0,Capped,9,0,136.06,566,9.5,4,All-Rounder,Opener,RHB,Pace,Right
Rohit Sharma,RG Sharma,Indian,Batter,2008,DCH,82,87,B,Batters - B,1.0,Capped,19,0,147.99,404,6.25,1,Batsman,Opener,RHB,Off Spin,Right
Rahul Sharma,R Sharma,Indian,Bowler,2011,PWI,82,87,B,Bowlers - B,1.0,Capped,5,0,114.29,24,5.46,16,,,,,
Pawan Negi,P Negi,Indian,All-Rounder,2017,RCB,82,87,B,All-Rounders - B,1.0,Capped,8,0,129.73,144,6.12,16,Bowler,Middle Order,LHB,Left-arm Orthodox,Left
Munaf Patel,MM Patel,Indian,Bowler,2011,MI,82,87,B,Bowlers - B,1.0,Capped,7,0,0.0,0,6.59,22,,,RHB,Pace,Right
Murali Vijay,M Vijay,Indian,Batter,2016,PBKS,82,87,B,Batters - B,1.0,Capped,11,0,124.45,453,8.0,0,,,RHB,Off Spin,Right
Jacques Kallis,JH Kallis,Overseas,All-Rounder,2010,RCB,82,87,B,All-Rounders - B,1.0,Capped,7,0,115.79,572,8.35,13,,,RHB,Pace,Right
Iqbal Abdulla,Iqbal Abdulla,Indian,Bowler,2011,KKR,82,87,B,Bowlers - B,1.0,Capped,9,0,125.0,15,6.1,16,,,LHB,Left-arm Orthodox,Left
Mayank Agarwal,MA Agarwal,Indian,Batter,2020,PBKS,82,87,B,Batters - B,1.0,Capped,15,0,158.24,432,0.0,0,,,RHB,Off Spin,Right
Mohammed Shami,Mohammed Shami,Indian,Bowler,2021,PBKS,82,87,B,Bowlers - B,1.0,Capped,12,0,76.47,13,7.5,19,,,RHB,Pace,Right
Umesh Yadav,UT Yadav,Indian,Bowler,2022,KKR,82,87,B,Bowlers - B,1.0,Capped,14,0,137.5,55,7.06,16,,,RHB,Pace,Right
Praveen Kumar,P Kumar,Indian,Bowler,2013,PBKS,82,86,B,Bowlers - B,1.0,Capped,10,0,120.51,47,6.62,12,,,RHB,Pace,Right
Yuvraj Singh,Yuvraj Singh,Indian,All-Rounder,2011,PWI,82,86,B,All-Rounders - B,1.0,Capped,11,0,131.42,343,6.62,9,,,LHB,Left-arm Orthodox,Left
Daniel Vettori,DL Vettori,Overseas,Bowler,2011,RCB,81,86,B,Bowlers - B,0.75,Capped,5,0,82.14,23,6.02,12,,,LHB,Left-arm Orthodox,Left
Rahul Chahar,RD Chahar,Indian,Bowler,2019,MI,81,86,B,Bowlers - B,0.75,Capped,9,0,109.09,12,6.55,13,,,RHB,Leg Spin,Right
Shimron Hetmyer,SO Hetmyer,Overseas,Batter,2022,RR,81,86,B,Batters - B,0.75,Capped,8,0,153.92,314,0.0,0,,,LHB,,
Sachin Tendulkar,SR Tendulkar,Indian,Batter,2010,MI,81,86,B,Batters - B,0.75,Capped,6,0,132.62,618,0.0,0,,,RHB,,
Devdutt Padikkal,D Padikkal,Indian,Batter,2026,RCB,81,86,B,Batters - B,0.75,Capped,7,0,168.73,464,0.0,0,,,LHB,Off Spin,Right
Brendon McCullum,BB McCullum,Overseas,Wicketkeeper,2015,CSK,81,86,B,Wicketkeepers - B,0.75,Capped,11,1,155.71,436,0.0,0,,,RHB,Pace,Right
Ravi Bishnoi,Ravi Bishnoi,Indian,Bowler,2021,PBKS,81,86,B,Bowlers - B,0.75,Capped,7,0,25.0,1,6.39,12,,,RHB,Leg Spin,Right
Ishant Sharma,I Sharma,Indian,Bowler,2009,KKR,81,86,B,Bowlers - B,0.75,Capped,15,0,123.08,16,6.91,11,,,RHB,Pace,Right
Albie Morkel,JA Morkel,Overseas,All-Rounder,2008,CSK,81,86,B,All-Rounders - B,0.75,Capped,9,0,147.85,241,8.31,17,All-Rounder,Lower Order,LHB,Pace,Right
Nitish Rana,N Rana,Indian,Batter,2023,KKR,81,86,B,Batters - B,0.75,Capped,11,0,140.96,413,8.49,3,,,LHB,Off Spin,Right
Mitchell Johnson,MG Johnson,Overseas,Bowler,2013,MI,81,86,B,Bowlers - B,0.75,Capped,6,0,108.33,39,7.17,24,,,LHB,Pace,Left
Matthew Hayden,ML Hayden,Overseas,Batter,2009,CSK,81,86,B,Batters - B,0.75,Capped,3,0,144.81,572,0.0,0,,,LHB,Pace,Right
Moises Henriques,MC Henriques,Overseas,All-Rounder,2015,SRH,81,86,B,All-Rounders - B,0.75,Capped,8,0,136.02,287,6.32,11,,,RHB,Pace,Right
Michael Hussey,MEK Hussey,Overseas,Batter,2013,CSK,81,86,B,Batters - B,0.75,Capped,7,0,129.51,733,0.0,0,,,LHB,Pace,Right
Jason Holder,JO Holder,Overseas,Bowler,2020,SRH,81,86,B,Bowlers - B,0.75,Capped,8,0,124.53,66,8.32,14,,,RHB,Pace,Right
Manish Pandey,MK Pandey,Indian,Batter,2017,KKR,81,86,B,Batters - B,0.75,Capped,19,0,128.57,396,0.0,0,,,RHB,Pace,Right
Tim David,TH David,Overseas,Batter,2022,MI,81,86,B,Batters - B,0.75,Capped,6,0,216.28,186,0.0,0,,,RHB,Off Spin,Right
Virender Sehwag,V Sehwag,Indian,Batter,2008,DC,81,86,B,Batters - B,0.75,Capped,8,0,184.55,406,12.09,3,,,RHB,Off Spin,Right
Khaleel Ahmed,KK Ahmed,Indian,Bowler,2019,SRH,81,86,B,Bowlers - B,0.75,Capped,9,0,0.0,0,8.24,19,,,RHB,Pace,Left
Tilak Varma,Tilak Varma,Indian,Batter,2023,MI,81,86,B,Batters - B,0.75,Capped,5,0,164.11,343,7.0,0,,,LHB,Off Spin,Right
Tristan Stubbs,T Stubbs,Overseas,Wicketkeeper,2024,DC,81,86,B,Wicketkeepers - B,0.75,Capped,5,1,190.91,378,7.5,3,,,RHB,Off Spin,Right
Aiden Markram,AK Markram,Overseas,Batter,2025,LSG,81,86,B,Batters - B,0.75,Capped,6,0,148.83,445,9.27,4,Batsman,Middle Order,RHB,Off Spin,Right
Anil Kumble,A Kumble,Indian,Bowler,2009,RCB,81,86,B,Bowlers - B,0.75,Capped,3,0,84.21,16,5.86,21,,,RHB,Leg Spin,Right
Ashok Dinda,AB Dinda,Indian,Bowler,2010,KKR,81,85,B,Bowlers - B,0.75,Capped,10,0,0.0,0,6.56,9,,,RHB,Pace,Right
Lakshmipathy Balaji,L Balaji,Indian,Bowler,2012,KKR,81,85,B,Bowlers - B,0.75,Capped,7,0,0.0,0,5.4,11,,,RHB,Pace,Right
Lendl Simmons,LMP Simmons,Overseas,Batter,2015,MI,81,85,B,Batters - B,0.75,Capped,4,0,122.45,540,0.0,0,,,RHB,,
Murali Kartik,M Kartik,Indian,Bowler,2010,KKR,81,85,B,Bowlers - B,0.75,Capped,7,0,100.0,22,6.49,9,,,LHB,Left-arm Orthodox,Left
Jonny Bairstow,JM Bairstow,Overseas,Wicketkeeper,2019,SRH,81,85,B,Wicketkeepers - B,0.75,Capped,6,1,157.24,445,0.0,0,,,RHB,,
Karun Nair,KK Nair,Indian,Batter,2014,RR,81,85,B,Batters - B,0.75,Capped,11,0,142.24,330,0.0,0,Batsman,Middle Order,RHB,Off Spin,Right
Wriddhiman Saha,WP Saha,Indian,Wicketkeeper,2020,SRH,81,85,B,Wicketkeepers - B,0.75,Uncapped,17,1,139.87,214,0.0,0,,,RHB,Off Spin,Right
Trent Boult,TA Boult,Overseas,Bowler,2020,MI,81,85,B,Bowlers - B,0.75,Capped,12,0,0.0,0,8.14,25,,,RHB,Pace,Left
Josh Inglis,JP Inglis,Overseas,Wicketkeeper,2026,LSG,81,85,B,Wicketkeepers - B,0.75,Uncapped,2,1,186.01,266,0.0,0,Wicketkeeper,Middle Order,RHB,,
Vinay Kumar,R Vinay Kumar,Indian,Bowler,2013,RCB,81,85,B,Bowlers - B,0.75,Capped,11,0,159.09,70,8.39,23,,,RHB,Pace,Right
Deepak Hooda,DJ Hooda,Indian,Batter,2022,LSG,81,85,B,Batters - B,0.75,Capped,11,0,136.67,451,10.75,1,,,RHB,Off Spin,Right
Zaheer Khan,Z Khan,Indian,Bowler,2012,RCB,80,85,B,Bowlers - B,0.75,Capped,10,0,70.59,12,7.55,17,,,RHB,Pace,Left
Steven Smith,SPD Smith,Overseas,Batter,2012,PWI,80,85,B,Batters - B,0.75,Capped,9,0,135.58,362,15.0,0,,,RHB,Leg Spin,Right
Shane Warne,SK Warne,Overseas,Bowler,2011,RR,80,85,B,Bowlers - B,0.75,Capped,4,0,50.0,10,6.32,13,,,RHB,Leg Spin,Right
Cooper Connolly,C Connolly,Overseas,Batter,2026,PBKS,80,85,B,Batters - B,0.75,Capped,1,0,163.12,491,0.0,0,,,LHB,Left-arm Orthodox,Left
Chris Lynn,CA Lynn,Overseas,Batter,2017,KKR,80,85,B,Batters - B,0.75,Capped,7,0,180.98,295,0.0,0,,,RHB,Left-arm Orthodox,Left
Glenn McGrath,GD McGrath,Overseas,Bowler,2008,DC,80,85,B,Bowlers - B,0.75,Capped,1,0,80.0,4,6.61,12,,,RHB,Pace,Right
Phil Salt,PD Salt,Overseas,Batter,2024,KKR,80,85,B,Batters - B,0.75,Capped,4,0,182.01,435,0.0,0,,,RHB,Off Spin,Right
Prithvi Shaw,PP Shaw,Indian,Batter,2021,DC,80,85,B,Batters - B,0.75,Capped,7,0,159.14,479,0.0,0,,,RHB,Off Spin,Right
Priyansh Arya,Priyansh Arya,Indian,Batter,2025,PBKS,80,85,B,Batters - B,0.75,Capped,2,0,182.27,545,0.0,0,,,LHB,Off Spin,Right
Deepak Chahar,DL Chahar,Indian,Bowler,2019,CSK,80,85,B,Bowlers - B,0.75,Capped,10,0,77.78,7,7.47,22,,,RHB,Pace,Right
Dan Christian,DT Christian,Overseas,Bowler,2017,RPS,80,85,B,Bowlers - B,0.75,Capped,6,0,161.22,79,7.45,11,All-Rounder,Middle Order,RHB,Pace,Right
Nathan Coulter-Nile,NM Coulter-Nile,Overseas,Bowler,2015,DC,80,85,B,Bowlers - B,0.75,Capped,8,0,111.11,20,7.55,15,,,RHB,Pace,Right
Mohammed Siraj,Mohammed Siraj,Indian,Bowler,2021,RCB,80,85,B,Bowlers - B,0.75,Capped,10,0,76.92,20,6.79,11,,,RHB,Pace,Right
Parthiv Patel,PA Patel,Indian,Wicketkeeper,2017,MI,80,84,B,Wicketkeepers - B,0.75,Capped,12,1,134.81,395,0.0,0,,,LHB,,
Kevin Pietersen,KP Pietersen,Overseas,All-Rounder,2010,RCB,80,84,B,All-Rounders - B,0.75,Capped,5,0,150.32,236,7.7,3,,,RHB,Off Spin,Right
Johan Botha,J Botha,Overseas,All-Rounder,2011,RR,80,84,B,All-Rounders - B,0.75,Capped,5,0,116.16,230,6.64,7,,,RHB,Off Spin,Right
Lungi Ngidi,L Ngidi,Overseas,Bowler,2018,CSK,80,84,B,Bowlers - B,0.75,Capped,5,0,0.0,0,6.0,11,,,RHB,Pace,Right
Kuldeep Yadav,Kuldeep Yadav,Indian,Bowler,2025,DC,80,84,B,Bowlers - B,0.75,Capped,10,0,112.5,18,7.36,15,,,LHB,Left-arm Wrist,Left
Vijay Shankar,V Shankar,Indian,Batter,2018,DC,79,84,B,Batters - B,0.75,Capped,10,0,143.24,212,11.6,1,Batsman,Middle Order,RHB,Pace,Right
Kumar Sangakkara,KC Sangakkara,Overseas,Wicketkeeper,2008,PBKS,79,84,B,Wicketkeepers - B,0.75,Capped,6,1,161.62,320,0.0,0,Wicketkeeper,Middle Order,LHB,Off Spin,Right
Anrich Nortje,A Nortje,Overseas,Bowler,2021,DC,79,84,B,Bowlers - B,0.75,Capped,7,0,0.0,0,6.16,12,,,RHB,Pace,Right
Travis Head,TM Head,Overseas,Batter,2024,SRH,79,84,B,Batters - B,0.75,Capped,5,0,191.55,567,19.2,0,,,LHB,Off Spin,Right
Saurabh Tiwary,SS Tiwary,Indian,Batter,2010,MI,79,84,B,Batters - B,0.75,Capped,11,0,135.6,419,0.0,0,,,LHB,Off Spin,Right
Siddharth Trivedi,SK Trivedi,Indian,Bowler,2013,RR,79,84,B,Bowlers - B,0.75,Capped,6,0,42.86,3,6.85,12,,,RHB,Pace,Right
Devon Conway,DP Conway,Overseas,Batter,2023,CSK,79,84,B,Batters - B,0.75,Capped,3,0,139.71,672,0.0,0,,,LHB,Pace,Right
Dhruv Jurel,Dhruv Jurel,Indian,Wicketkeeper,2026,RR,79,84,B,Wicketkeepers - B,0.75,Capped,4,1,154.65,515,0.0,0,,,RHB,,
Dhawal Kulkarni,DS Kulkarni,Indian,Bowler,2015,RR,79,84,B,Bowlers - B,0.75,Capped,14,0,36.36,4,7.91,13,,,RHB,Pace,Right
Finn Allen,FH Allen,Overseas,Batter,2026,KKR,79,84,B,Batters - B,0.75,Capped,1,0,214.11,349,0.0,0,,,RHB,Off Spin,Right
Eoin Morgan,EJG Morgan,Overseas,Batter,2020,KKR,79,84,B,Batters - B,0.75,Capped,8,0,137.83,419,0.0,0,,,LHB,,
Sreenath Aravind,S Aravind,Indian,Bowler,2016,RCB,79,84,B,Bowlers - B,0.75,Capped,5,0,0.0,0,7.41,11,,,LHB,Pace,Left
Mitchell Starc,MA Starc,Overseas,Bowler,2015,RCB,79,84,B,Bowlers - B,0.75,Capped,5,0,78.57,11,6.77,20,,,LHB,Pace,Left
James Faulkner,JP Faulkner,Overseas,Bowler,2013,RR,79,84,B,Bowlers - B,0.75,Capped,7,0,100.0,57,6.76,28,All-Rounder,Lower Order,,,
Marcus Stoinis,MP Stoinis,Overseas,Batter,2023,LSG,79,84,B,Batters - B,0.75,Capped,11,0,150.0,408,9.23,5,All-Rounder,Middle Order,RHB,Pace,Right
Moeen Ali,MM Ali,Overseas,All-Rounder,2019,RCB,79,84,B,All-Rounders - B,0.75,Capped,8,0,165.41,220,6.76,6,,,LHB,Off Spin,Right
Jitesh Sharma,JM Sharma,Indian,Wicketkeeper,2025,RCB,79,84,B,Wicketkeepers - B,0.75,Capped,5,1,176.35,261,0.0,0,Wicketkeeper,Middle Order,RHB,,
Manoj Tiwary,MK Tiwary,Indian,Batter,2011,KKR,79,84,B,Batters - B,0.75,Capped,10,0,110.46,359,11.5,0,,,RHB,Leg Spin,Right
Rajat Bhatia,R Bhatia,Indian,Bowler,2012,KKR,79,84,B,Bowlers - B,0.75,Capped,10,0,125.0,35,7.32,13,,,RHB,Pace,Right
Ryan Rickelton,RD Rickelton,Overseas,Wicketkeeper,2025,MI,79,84,B,Wicketkeepers - B,0.75,Capped,2,1,150.97,388,0.0,0,,,LHB,Left-arm Orthodox,Left
Avesh Khan,Avesh Khan,Indian,Bowler,2021,DC,79,84,B,Bowlers - B,0.75,Capped,10,0,166.67,5,7.38,24,,,RHB,Pace,Right
Shreyas Gopal,S Gopal,Indian,Bowler,2019,RR,79,84,B,Bowlers - B,0.75,Capped,9,0,136.96,63,7.23,20,,,RHB,Leg Spin,Right
Rahul Tripathi,RA Tripathi,Indian,Batter,2022,SRH,79,84,B,Batters - B,0.75,Capped,9,0,158.24,413,0.0,0,,,RHB,Pace,Right
Ryan Harris,RJ Harris,Overseas,Bowler,2010,DCH,78,84,C,Bowlers - C,0.5,Capped,5,0,115.38,45,7.6,14,,,RHB,Pace,Right
S Badrinath,S Badrinath,Indian,Batter,2011,CSK,78,84,C,Batters - C,0.5,Capped,6,0,126.52,396,0.0,0,,,RHB,Off Spin,Right
Adam Gilchrist,AC Gilchrist,Overseas,Wicketkeeper,2009,DCH,78,84,C,Wicketkeepers - C,0.5,Capped,6,1,152.31,495,0.0,0,,,LHB,,
Tillakaratne Dilshan,TM Dilshan,Overseas,Batter,2009,DC,78,83,C,Batters - C,0.5,Capped,6,0,122.58,418,6.12,0,Batsman,Opener,RHB,Off Spin,Right
Liam Livingstone,LS Livingstone,Overseas,All-Rounder,2022,PBKS,78,83,C,All-Rounders - C,0.5,Capped,7,0,182.08,437,8.78,6,,,RHB,,
Ravi Rampaul,R Rampaul,Overseas,Bowler,2013,RCB,78,83,C,Bowlers - C,0.5,Capped,2,0,102.7,38,7.03,15,,,LHB,Pace,Right
Roelof van der Merwe,RE van der Merwe,Overseas,All-Rounder,2009,RCB,78,83,C,All-Rounders - C,0.5,Capped,5,0,124.49,122,7.29,9,,,RHB,Left-arm Orthodox,Left
Ashutosh Sharma,Ashutosh Sharma,Indian,Batter,2026,DC,78,83,C,Batters - C,0.5,Capped,3,0,181.91,171,0.0,0,,,RHB,Pace,Right
Arshdeep Singh,Arshdeep Singh,Indian,Bowler,2021,PBKS,78,83,C,Bowlers - C,0.5,Capped,8,0,66.67,2,8.27,18,,,LHB,Pace,Left
Cameron White,CL White,Overseas,Batter,2012,DCH,78,83,C,Batters - C,0.5,Capped,5,0,149.69,479,9.0,0,,,RHB,Leg Spin,Right
Shane Bond,SE Bond,Overseas,Bowler,2010,KKR,78,83,C,Bowlers - C,0.5,Capped,1,0,50.0,1,7.23,9,,,RHB,Pace,Right
Shadab Jakati,SB Jakati,Indian,Bowler,2010,CSK,78,83,C,Bowlers - C,0.5,Capped,7,0,0.0,0,7.66,13,,,LHB,Left-arm Orthodox,Left
Doug Bollinger,DE Bollinger,Overseas,Bowler,2011,CSK,78,83,C,Bowlers - C,0.5,Capped,3,0,0.0,0,7.0,17,,,LHB,Pace,Left
Paul Collingwood,PD Collingwood,Overseas,All-Rounder,2010,DC,78,83,C,All-Rounders - C,0.5,Capped,1,0,130.13,203,6.81,5,,,RHB,Pace,Right
Pat Cummins,PJ Cummins,Overseas,All-Rounder,2020,KKR,78,83,C,All-Rounders - C,0.5,Capped,9,0,128.07,146,7.87,12,Bowler,Lower Order,RHB,Pace,Right
Matheesha Pathirana,M Pathirana,Overseas,Bowler,2024,CSK,78,83,C,Bowlers - C,0.5,Uncapped,5,0,0.0,0,7.68,13,,,RHB,Pace,Right
Shashank Singh,Shashank Singh,Indian,Batter,2024,PBKS,78,83,C,Batters - C,0.5,Capped,4,0,164.65,354,5.0,1,,,RHB,,
Wayne Parnell,WD Parnell,Overseas,Bowler,2012,PWI,78,83,C,Bowlers - C,0.5,Uncapped,5,0,70.37,19,6.1,5,,,LHB,Pace,Left
Angkrish Raghuvanshi,A Raghuvanshi,Indian,Wicketkeeper,2026,KKR,78,83,C,Wicketkeepers - C,0.5,Capped,3,1,146.53,422,0.0,0,,,RHB,Left-arm Orthodox,Left
Mustafizur Rahman,Mustafizur Rahman,Overseas,Bowler,2016,SRH,78,83,C,Bowlers - C,0.5,Capped,8,0,0.0,0,6.9,17,,,LHB,Pace,Left
Pathum Nissanka,P Nissanka,Overseas,Batter,2026,DC,78,83,C,Batters - C,0.5,Capped,1,0,158.86,278,0.0,0,,,RHB,,
Mahela Jayawardene,DPMD Jayawardene,Overseas,Batter,2010,PBKS,78,83,C,Batters - C,0.5,Capped,6,0,148.33,445,0.0,0,Batsman,Opener,RHB,Pace,Right
Manan Vohra,M Vohra,Indian,Batter,2014,PBKS,78,83,C,Batters - C,0.5,Capped,9,0,139.06,324,0.0,0,,,RHB,Pace,Right
Mandeep Singh,Mandeep Singh,Indian,Batter,2012,PBKS,78,83,C,Batters - C,0.5,Capped,14,0,126.32,432,0.0,0,Batsman,Middle Order,RHB,Pace,Right
Ben Stokes,BA Stokes,Overseas,All-Rounder,2017,RPS,78,82,C,All-Rounders - C,0.5,Capped,6,0,142.99,316,7.18,12,,,LHB,Pace,Right
Brad Hodge,BJ Hodge,Overseas,Batter,2013,RR,78,82,C,Batters - C,0.5,Capped,7,0,134.4,293,3.0,0,,,RHB,Off Spin,Right
Stuart Binny,STR Binny,Indian,All-Rounder,2013,RR,78,82,C,All-Rounders - C,0.5,Capped,10,0,147.24,293,6.75,6,Batsman,Middle Order,RHB,Pace,Right
Brett Lee,B Lee,Overseas,Bowler,2009,PBKS,78,82,C,Bowlers - C,0.5,Uncapped,6,0,82.35,28,5.55,5,,,RHB,Pace,Right
Tim Southee,TG Southee,Overseas,Bowler,2022,KKR,78,82,C,Bowlers - C,0.5,Capped,10,0,16.67,2,7.86,14,,,RHB,Pace,Right
Harpreet Brar,Harpreet Brar,Indian,All-Rounder,2021,PBKS,78,82,C,All-Rounders - C,0.5,Capped,8,0,110.34,64,6.04,5,Bowler,Lower Order,LHB,Left-arm Orthodox,Left
Mithun Manhas,M Manhas,Indian,Bowler,2008,DC,78,82,C,Bowlers - C,0.5,Uncapped,7,0,0.0,0,0.0,0,Batsman,Middle Order,RHB,Off Spin,Right
Ross Taylor,LRPL Taylor,Overseas,Batter,2008,RCB,78,82,C,Batters - C,0.5,Uncapped,7,0,183.95,149,0.0,0,,,RHB,Off Spin,Right
Kyle Mayers,KR Mayers,Overseas,Batter,2023,LSG,78,82,C,Batters - C,0.5,Capped,1,0,144.11,379,8.43,0,,,LHB,Pace,Right
Abishek Porel,Abishek Porel,Indian,Batter,2024,DC,78,82,C,Batters - C,0.5,Capped,4,0,159.51,327,0.0,0,,,LHB,,
Dimitri Mascarenhas,AD Mascarenhas,Overseas,Bowler,2012,PBKS,78,82,C,Bowlers - C,0.5,Uncapped,5,0,87.5,14,6.56,7,,,RHB,Pace,Right
Umar Gul,Umar Gul,Overseas,Bowler,2008,KKR,78,82,C,Bowlers - C,0.5,Uncapped,1,0,205.26,39,8.18,12,,,RHB,Pace,Right
Ayush Badoni,A Badoni,Indian,Batter,2025,LSG,78,82,C,Batters - C,0.5,Capped,5,0,148.2,329,7.8,2,,,RHB,Off Spin,Right
Lockie Ferguson,LH Ferguson,Overseas,Bowler,2021,KKR,78,82,C,Bowlers - C,0.5,Capped,9,0,163.64,18,7.47,13,,,RHB,Pace,Right
Ayush Mhatre,A Mhatre,Indian,Batter,2025,CSK,78,82,C,Batters - C,0.5,Capped,2,0,188.98,240,0.0,0,,,RHB,Off Spin,Right
Dilhara Fernando,CRD Fernando,Overseas,Bowler,2010,MI,78,82,C,Bowlers - C,0.5,Uncapped,2,0,100.0,2,7.26,7,,,RHB,Pace,Right
David Hussey,DJ Hussey,Overseas,Batter,2012,PBKS,78,82,C,Batters - C,0.5,Capped,7,0,129.84,396,7.0,3,,,RHB,Off Spin,Right
Noor Ahmad,Noor Ahmad,Overseas,Bowler,2025,CSK,78,82,C,Bowlers - C,0.5,Capped,4,0,41.18,7,8.16,24,,,RHB,Left-arm Orthodox,Left
Mitchell McClenaghan,MJ McClenaghan,Overseas,Bowler,2016,MI,78,82,C,Bowlers - C,0.5,Capped,5,0,147.83,34,8.17,17,,,LHB,Pace,Left
Josh Hazlewood,JR Hazlewood,Overseas,Bowler,2022,RCB,78,82,C,Bowlers - C,0.5,Capped,6,0,69.23,18,8.11,20,,,LHB,Pace,Right
Siddarth Kaul,S Kaul,Indian,Bowler,2017,SRH,77,82,C,Bowlers - C,0.5,Capped,8,0,0.0,0,8.41,16,,,RHB,Pace,Right
Naman Ojha,NV Ojha,Indian,Wicketkeeper,2012,DC,77,82,C,Wicketkeepers - C,0.5,Capped,10,1,113.84,255,0.0,0,,,RHB,,
Fidel Edwards,FH Edwards,Overseas,Bowler,2009,DCH,77,82,C,Bowlers - C,0.5,Uncapped,1,0,80.0,4,6.6,5,,,RHB,Pace,Right
Rahul Dravid,R Dravid,Indian,Batter,2013,RR,77,82,C,Batters - C,0.5,Capped,6,0,110.82,471,0.0,0,,,RHB,Off Spin,Right
Farveez Maharoof,MF Maharoof,Overseas,Bowler,2008,DC,77,82,C,Bowlers - C,0.5,Capped,3,0,158.23,125,6.92,15,,,RHB,Pace,Right
Sarfaraz Khan,SN Khan,Indian,Batter,2019,PBKS,77,81,C,Batters - C,0.5,Capped,9,0,125.87,180,18.0,0,,,RHB,Leg Spin,Right
Shardul Thakur,SN Thakur,Indian,Bowler,2021,CSK,77,81,C,Bowlers - C,0.5,Capped,11,0,100.0,5,8.81,21,,,RHB,Pace,Right
Dirk Nannes,DP Nannes,Overseas,Bowler,2010,DC,77,81,C,Bowlers - C,0.5,Capped,4,0,30.77,4,6.52,7,,,RHB,Pace,Left
Shaun Pollock,SM Pollock,Overseas,All-Rounder,2008,MI,77,81,C,All-Rounders - C,0.5,Capped,1,0,132.43,147,6.54,11,,,RHB,Pace,Right
Abdul Samad,Abdul Samad,Indian,Batter,2023,SRH,77,81,C,Batters - C,0.5,Capped,7,0,132.03,169,0.0,0,,,RHB,Leg Spin,Right
Shahid Afridi,Shahid Afridi,Overseas,Bowler,2008,DCH,77,81,C,Bowlers - C,0.5,Capped,1,0,176.09,81,7.5,9,,,RHB,Leg Spin,Right
Kevon Cooper,KK Cooper,Overseas,Bowler,2012,RR,77,81,C,Bowlers - C,0.5,Uncapped,3,0,190.0,38,7.25,10,,,RHB,Pace,Right
M Shahrukh Khan,M Shahrukh Khan,Indian,Batter,2025,GT,77,81,C,Batters - C,0.5,Capped,6,0,179.0,179,13.0,1,,,RHB,Off Spin,Right
Ajit Chandila,A Chandila,Indian,Bowler,2013,RR,77,81,C,Bowlers - C,0.5,Capped,2,0,66.67,4,6.24,6,,,RHB,Off Spin,Right
Adam Zampa,A Zampa,Overseas,Bowler,2016,RPS,77,81,C,Bowlers - C,0.5,Uncapped,5,0,0.0,0,6.76,12,,,RHB,Leg Spin,Right
Makhaya Ntini,M Ntini,Overseas,Bowler,2008,CSK,77,81,C,Bowlers - C,0.5,Capped,1,0,61.11,11,6.91,7,,,RHB,Pace,Right
Naman Dhir,Naman Dhir,Indian,Batter,2025,MI,77,81,C,Batters - C,0.5,Capped,3,0,182.61,252,5.25,0,Batsman,Middle Order,,,
Pradeep Sangwan,PJ Sangwan,Indian,Bowler,2009,DC,77,81,C,Bowlers - C,0.5,Capped,9,0,60.0,6,7.71,15,,,RHB,Pace,Left
Brad Hogg,GB Hogg,Overseas,Bowler,2012,RR,77,81,C,Bowlers - C,0.5,Capped,4,0,93.75,15,7.03,10,,,LHB,Left-arm Orthodox,Left
Evin Lewis,E Lewis,Overseas,Batter,2018,MI,77,81,C,Batters - C,0.5,Capped,4,0,138.41,382,0.0,0,,,LHB,Pace,Right
Sreesanth,S Sreesanth,Indian,Bowler,2011,KTK,77,81,C,Bowlers - C,0.5,Capped,5,0,11.11,1,6.47,7,,,RHB,Pace,Right
Sourav Ganguly,SC Ganguly,Indian,Batter,2010,KKR,77,81,C,Batters - C,0.5,Capped,5,0,117.66,493,10.75,0,,,LHB,Pace,Right
Ben Hilfenhaus,BW Hilfenhaus,Overseas,Bowler,2012,CSK,77,81,C,Bowlers - C,0.5,Capped,2,0,0.0,0,6.85,14,,,RHB,Pace,Right
Gurkeerat Singh Mann,Gurkeerat Singh,Indian,Wicketkeeper,2017,PBKS,76,81,C,Wicketkeepers - C,0.5,Uncapped,7,1,0.0,0,0.0,0,Wicketkeeper,Middle Order,RHB,Off Spin,Right
Harmeet Singh,Harmeet Singh,Indian,Bowler,2010,DCH,76,81,C,Bowlers - C,0.5,Capped,6,0,0.0,0,7.25,8,,,LHB,Left-arm Orthodox,Left
Murugan Ashwin,M Ashwin,Indian,Bowler,2020,PBKS,76,81,C,Bowlers - C,0.5,Capped,7,0,100.0,4,7.46,10,,,RHB,Leg Spin,Right
Kartik Sharma,Kartik Sharma,Indian,Batter,2026,CSK,76,81,C,Batters - C,0.5,Capped,1,0,136.57,295,0.0,0,,,RHB,,
Kedar Jadhav,KM Jadhav,Indian,Wicketkeeper,2017,RCB,76,81,C,Wicketkeepers - C,0.5,Capped,12,1,143.55,267,0.0,0,,,RHB,Off Spin,Right
Varun Aaron,VR Aaron,Indian,Bowler,2014,RCB,76,81,C,Bowlers - C,0.5,Capped,9,0,102.94,35,8.15,16,,,RHB,Pace,Right
Prasidh Krishna,M Prasidh Krishna,Indian,Bowler,2025,GT,76,81,C,Bowlers - C,0.5,Capped,7,0,0.0,0,8.27,25,,,RHB,Pace,Right
Krishnappa Gowtham,K Gowtham,Indian,Bowler,2018,RR,76,80,C,Bowlers - C,0.5,Capped,6,0,196.88,126,7.8,11,,,RHB,Off Spin,Right
Thisara Perera,NLTC Perera,Overseas,All-Rounder,2013,SRH,76,80,C,All-Rounders - C,0.5,Capped,6,0,142.42,235,8.01,19,All-Rounder,Lower Order,LHB,Pace,Right
Nehal Wadhera,N Wadhera,Indian,Batter,2025,PBKS,76,80,C,Batters - C,0.5,Capped,4,0,145.85,369,10.8,0,,,LHB,Leg Spin,Right
Jason Roy,JJ Roy,Overseas,Batter,2023,KKR,76,80,C,Batters - C,0.5,Capped,4,0,151.6,285,0.0,0,,,RHB,Pace,Right
Andrew Tye,AJ Tye,Overseas,Bowler,2018,PBKS,76,80,C,Bowlers - C,0.5,Capped,5,0,84.21,32,8.0,24,,,RHB,Pace,Right
Amit Singh,A Singh,Indian,Bowler,2009,RR,76,80,C,Bowlers - C,0.5,Uncapped,3,0,33.33,1,5.43,9,,,,,
Mitchell Santner,MJ Santner,Overseas,Bowler,2023,CSK,76,80,C,Bowlers - C,0.5,Uncapped,7,0,50.0,2,6.75,3,,,LHB,Left-arm Orthodox,Left
T Natarajan,T Natarajan,Indian,Bowler,2020,SRH,76,80,C,Bowlers - C,0.5,Capped,8,0,60.0,3,8.02,16,,,LHB,Pace,Left
Ish Sodhi,IS Sodhi,Overseas,Bowler,2018,RR,76,80,C,Bowlers - C,0.5,Uncapped,2,0,16.67,1,5.87,5,,,RHB,Leg Spin,Right
Angelo Mathews,AD Mathews,Overseas,All-Rounder,2012,PWI,76,80,C,All-Rounders - C,0.5,Capped,6,0,117.59,127,7.38,7,,,RHB,Pace,Right
Maheesh Theekshana,M Theekshana,Overseas,Bowler,2022,CSK,76,80,C,Bowlers - C,0.5,Capped,4,0,100.0,7,7.46,12,,,RHB,Off Spin,Right
Bipul Sharma,Bipul Sharma,Indian,Bowler,2011,PBKS,76,80,C,Bowlers - C,0.5,Uncapped,7,0,127.78,23,6.5,4,Batsman,Middle Order,LHB,Left-arm Orthodox,Left
Ramesh Powar,RR Powar,Indian,Bowler,2009,PBKS,76,80,C,Bowlers - C,0.5,Capped,5,0,104.55,23,6.29,5,,,RHB,Off Spin,Right
Rachin Ravindra,R Ravindra,Overseas,Batter,2024,CSK,76,80,C,Batters - C,0.5,Capped,2,0,160.87,222,3.5,0,,,LHB,Left-arm Orthodox,Left
Rovman Powell,R Powell,Overseas,Batter,2022,DC,76,80,C,Batters - C,0.5,Capped,5,0,149.7,250,17.0,0,,,RHB,Pace,Right
Mohsin Khan,Mohsin Khan,Indian,Bowler,2022,LSG,75,80,C,Bowlers - C,0.3,Capped,4,0,143.75,23,5.97,14,,,,,
Mohammad Nabi,Mohammad Nabi,Overseas,Bowler,2017,SRH,75,80,C,Bowlers - C,0.3,Uncapped,6,0,66.67,2,5.27,2,All-Rounder,Middle Order,RHB,Off Spin,Right
Dewald Brevis,D Brevis,Overseas,Batter,2025,CSK,75,80,C,Batters - C,0.3,Uncapped,4,0,180.0,225,0.0,0,,,RHB,Leg Spin,Right
Sanath Jayasuriya,ST Jayasuriya,Overseas,All-Rounder,2008,MI,75,80,C,All-Rounders - C,0.3,Capped,3,0,166.34,514,7.57,4,,,LHB,Left-arm Orthodox,Left
Hashim Amla,HM Amla,Overseas,Batter,2017,PBKS,75,80,C,Batters - C,0.3,Capped,2,0,145.83,420,0.0,0,,,RHB,Off Spin,Right
Wanindu Hasaranga,PWH de Silva,Overseas,Bowler,2022,RCB,75,80,C,Bowlers - C,0.3,Capped,4,0,88.37,38,7.54,26,,,RHB,Leg Spin,Right
Rishi Dhawan,R Dhawan,Indian,Bowler,2014,PBKS,75,80,C,Bowlers - C,0.3,Capped,7,0,109.33,82,7.71,13,,,RHB,Pace,Right
Parvinder Awana,P Awana,Indian,Bowler,2013,PBKS,75,80,C,Bowlers - C,0.3,Capped,3,0,11.11,1,7.63,15,,,RHB,,
Sandeep Lamichhane,S Lamichhane,Overseas,Bowler,2018,DC,75,80,C,Bowlers - C,0.3,Uncapped,2,0,0.0,0,6.83,5,,,RHB,Leg Spin,Right
Sam Curran,SM Curran,Overseas,All-Rounder,2020,CSK,75,79,C,All-Rounders - C,0.3,Capped,6,0,131.91,186,8.19,13,,,LHB,Pace,Left
Cameron Green,C Green,Overseas,All-Rounder,2024,RCB,75,79,C,All-Rounders - C,0.3,Capped,3,0,143.26,255,8.62,10,,,RHB,Pace,Right
Sherfane Rutherford,SE Rutherford,Overseas,Batter,2025,GT,75,79,C,Batters - C,0.3,Capped,4,0,157.3,291,0.0,0,,,LHB,Pace,Right
Aniket Verma,Aniket Verma,Indian,Batter,2025,SRH,75,79,C,Batters - C,0.3,Capped,2,0,166.2,236,0.0,0,,,RHB,Pace,Right
Abhishek Nayar,AM Nayar,Indian,Batter,2008,MI,75,79,C,Batters - C,0.3,Capped,7,0,149.28,206,9.71,1,,,LHB,Pace,Right
Adam Voges,AC Voges,Overseas,Batter,2010,RR,75,79,C,Batters - C,0.3,Capped,1,0,126.57,181,8.44,0,,,RHB,Left-arm Orthodox,Left
Kamran Akmal,Kamran Akmal,Overseas,Wicketkeeper,2008,RR,75,79,C,Wicketkeepers - C,0.3,Uncapped,1,1,164.1,128,0.0,0,,,RHB,Pace,Right
George Bailey,GJ Bailey,Overseas,Batter,2014,PBKS,75,79,C,Batters - C,0.3,Capped,5,0,135.26,257,0.0,0,Batsman,Middle Order,RHB,Pace,Right
Herschelle Gibbs,HH Gibbs,Overseas,Batter,2009,DCH,75,79,C,Batters - C,0.3,Capped,4,0,112.08,371,0.0,0,,,RHB,Pace,Right
Eshan Malinga,E Malinga,Overseas,Bowler,2025,SRH,75,79,C,Bowlers - C,0.3,Capped,2,0,0.0,0,8.92,13,,,LHB,Pace,Right
Pravin Tambe,PV Tambe,Indian,Bowler,2014,RR,75,79,C,Bowlers - C,0.3,Capped,4,0,55.56,5,7.27,15,,,RHB,Leg Spin,Right
Mujeeb Ur Rahman,Mujeeb Ur Rahman,Overseas,Bowler,2018,PBKS,75,79,C,Bowlers - C,0.3,Capped,5,0,142.86,10,6.99,14,,,RHB,Off Spin,Right
Nitish Kumar Reddy,Nithish Kumar Reddy,Indian,Batter,2024,SRH,75,79,C,Batters - C,0.3,Capped,4,0,142.92,303,11.62,3,All-Rounder,Middle Order,RHB,Pace,Right
Morne van Wyk,MN van Wyk,Overseas,Batter,2009,KKR,75,79,C,Batters - C,0.3,Uncapped,1,0,126.52,167,0.0,0,,,RHB,Left-arm Orthodox,Left
Thilan Thushara,T Thushara,Overseas,Bowler,2010,CSK,75,79,C,Bowlers - C,0.3,Uncapped,2,0,90.91,10,6.97,5,,,LHB,Pace,Left
Tirumalasetti Suman,TL Suman,Indian,All-Rounder,2009,DCH,75,79,C,All-Rounders - C,0.3,Capped,5,0,124.74,237,7.2,5,Batsman,Middle Order,RHB,Off Spin,Right
Jayant Yadav,J Yadav,Indian,Bowler,2015,DC,75,79,C,Bowlers - C,0.3,Uncapped,7,0,0.0,0,4.14,2,,,RHB,Off Spin,Right
Jamie Overton,J Overton,Overseas,All-Rounder,2026,CSK,75,79,C,All-Rounders - C,0.3,Capped,2,0,158.14,136,8.89,14,,,RHB,Pace,Right
Kedar Devdhar,KH Devdhar,Indian,Wicketkeeper,2011,DCH,75,79,C,Wicketkeepers - C,0.3,Uncapped,1,1,0.0,0,0.0,0,,,RHB,,
Owais Shah,OA Shah,Overseas,Batter,2012,RR,75,79,C,Batters - C,0.3,Capped,4,0,132.81,340,0.0,0,,,RHB,Off Spin,Right
Ben Cutting,BCJ Cutting,Overseas,All-Rounder,2016,SRH,75,79,C,All-Rounders - C,0.3,Uncapped,5,0,191.18,65,7.16,5,Batsman,Finisher,RHB,Pace,Right
Azhar Mahmood,Azhar Mahmood,Overseas,All-Rounder,2012,PBKS,75,79,C,All-Rounders - C,0.3,Capped,3,0,130.99,186,7.71,14,,,RHB,Pace,Right
Manpreet Gony,MS Gony,Indian,Bowler,2008,CSK,75,79,C,Bowlers - C,0.3,Capped,7,0,152.17,35,7.38,17,,,RHB,Pace,Right
Jesse Ryder,JD Ryder,Overseas,Batter,2011,PWI,75,78,C,Batters - C,0.3,Capped,3,0,148.22,292,7.7,4,,,LHB,Pace,Right
Jerome Taylor,JE Taylor,Overseas,Bowler,2011,PWI,75,78,C,Bowlers - C,0.3,Uncapped,1,0,100.0,3,8.05,6,,,RHB,Pace,Right
Jake Fraser-McGurk,J Fraser-McGurk,Overseas,Batter,2024,DC,75,78,C,Batters - C,0.3,Capped,2,0,234.04,330,0.0,0,,,RHB,Leg Spin,Right
Will Jacks,WG Jacks,Overseas,Batter,2024,RCB,75,78,C,Batters - C,0.3,Capped,3,0,175.57,230,11.11,2,,,RHB,Off Spin,Right
Ankit Sharma,Ankit Sharma,Indian,Bowler,2012,DCH,75,78,C,Bowlers - C,0.3,Capped,7,0,138.46,18,6.83,4,,,,,
Alfonso Thomas,AC Thomas,Overseas,Bowler,2011,PWI,75,78,C,Bowlers - C,0.3,Capped,2,0,25.0,1,7.71,11,,,RHB,Pace,Right
Andrew McDonald,AB McDonald,Overseas,All-Rounder,2012,RCB,75,78,C,All-Rounders - C,0.3,Uncapped,5,0,134.29,47,6.1,5,,,,,
Jagadeesha Suchith,J Suchith,Indian,Bowler,2022,SRH,75,78,C,Bowlers - C,0.3,Uncapped,5,0,25.0,2,7.78,7,,,LHB,Left-arm Orthodox,Left
Himmat Singh,Himmat Singh,Indian,Bowler,2025,LSG,75,78,C,Bowlers - C,0.3,Uncapped,2,0,0.0,0,0.0,0,Batsman,Middle Order,,,
Abu Nechim,AN Ahmed,Indian,Bowler,2013,MI,74,78,C,Bowlers - C,0.3,Uncapped,6,0,0.0,0,6.43,3,,,RHB,Pace,Right
Chaminda Vaas,WPUJC Vaas,Overseas,Bowler,2010,DCH,74,78,C,Bowlers - C,0.3,Uncapped,3,0,88.24,30,6.32,9,,,LHB,Pace,Left
Mukul Choudhary,MD Choudhary,Indian,Batter,2026,LSG,74,78,C,Batters - C,0.3,Capped,1,0,141.67,170,0.0,0,,,RHB,,
Graeme Smith,GC Smith,Overseas,Batter,2008,RR,74,78,C,Batters - C,0.3,Capped,4,0,121.82,441,0.0,0,,,LHB,Off Spin,Right
Domnic Muthuswami,DJ Muthuswami,Indian,Bowler,2015,DC,74,78,C,Bowlers - C,0.3,Uncapped,1,0,33.33,1,7.21,4,,,RHB,Pace,Right
Naveen-ul-Haq,Naveen-ul-Haq,Overseas,Bowler,2023,LSG,74,78,C,Bowlers - C,0.3,Capped,2,0,76.19,16,7.82,11,,,RHB,Pace,Right
Oshane Thomas,O Thomas,Overseas,Bowler,2019,RR,74,78,C,Bowlers - C,0.3,Uncapped,1,0,0.0,0,7.9,5,,,LHB,Pace,Right
Manvinder Bisla,MS Bisla,Indian,Wicketkeeper,2012,KKR,74,78,C,Wicketkeepers - C,0.3,Capped,6,1,133.12,213,0.0,0,,,RHB,,
Ramandeep Singh,Ramandeep Singh,Indian,Batter,2024,KKR,74,78,C,Batters - C,0.3,Capped,4,0,201.61,125,13.5,0,Batsman,Middle Order,,,
Sai Kishore,R Sai Kishore,Indian,Bowler,2022,GT,74,78,C,Bowlers - C,0.3,Uncapped,4,0,0.0,0,7.56,6,,,LHB,Left-arm Orthodox,Left
Romario Shepherd,R Shepherd,Overseas,Batter,2024,MI,74,78,C,Batters - C,0.3,Uncapped,5,0,271.43,57,13.25,1,,,RHB,Pace,Right
Ben Rohrer,BJ Rohrer,Overseas,Batter,2013,DC,74,78,C,Batters - C,0.3,Capped,1,0,136.88,193,12.0,0,,,LHB,Pace,Right
Dillon du Preez,D du Preez,Overseas,Bowler,2009,RCB,74,78,C,Bowlers - C,0.3,Uncapped,1,0,76.92,10,8.0,4,,,RHB,Pace,Right
Chandrasekar Ganapathy,C Ganapathy,Indian,Batter,2010,CSK,74,78,C,Batters - C,0.3,Uncapped,1,0,0.0,0,13.0,0,,,RHB,Pace,Right
Charl Langeveldt,CK Langeveldt,Overseas,Bowler,2010,KKR,74,78,C,Bowlers - C,0.3,Uncapped,3,0,0.0,0,8.0,5,,,RHB,Pace,Right
Shai Hope,SD Hope,Overseas,Batter,2024,DC,74,78,C,Batters - C,0.3,Capped,1,0,150.0,183,0.0,0,,,RHB,Pace,Left
Shaun Tait,SW Tait,Overseas,Bowler,2012,RR,74,78,C,Bowlers - C,0.3,Uncapped,4,0,0.0,0,6.61,6,,,RHB,Pace,Right
Salil Arora,Salil Arora,Indian,Batter,2026,SRH,74,78,C,Batters - C,0.3,Capped,1,0,159.18,156,0.0,0,,,,,
Salman Butt,Salman Butt,Overseas,Batter,2008,KKR,74,78,C,Batters - C,0.3,Capped,1,0,119.88,193,0.0,0,,,LHB,Off Spin,Right
